,PREDICTOR,P_VALUE
0,FG_PCT,0.016862096540623463
1,FG3A,8.178465692700047e-06
2,FTA,0.00010385529136205934
