,PREDICTOR,P_VALUE
0,FG_PCT,0.01686209654063032
1,FG3A,8.1784656927097e-06
2,FTA,0.00010385529136205723
