,PREDICTOR,P_VALUE
0,FG_PCT,0.016862096540628042
1,FG3A,8.178465692701551e-06
2,FTA,0.00010385529136203221
